OrderID,OrderDate,CustomerID,ProductCategory,ProductName,Quantity,UnitPrice,TotalPrice
10001001,10-09-2024,CUST001,Lighting,Orismart WiFi Enabled 16 Million Colours LED Bulb 10W,1,199,199
10001002,10-09-2024,CUST002,Cooling,Ceiling Fan Standard,2,59.99,119.98
10001003,11-09-2024,CUST003,Home Appliance,Microwave Oven 20L,1,89.5,89.5
10001004,11-09-2024,CUST004,Lighting,Smart Bulb RGB,8,12.5,100
10001005,12-09-2024,CUST005,Cooling,Table Fan Portable,3,24.99,74.97
10001006,12-09-2024,CUST006,Home Appliance,Electric Kettle,1,29.99,29.99
10001007,13-09-2024,CUST007,Lighting,Halogen Bulb 50W,20,2.75,55
10001008,13-09-2024,CUST008,Cooling,Exhaust Fan Small,1,35,35
10001009,14-09-2024,CUST009,Home Appliance,Toaster 2-Slice,2,45.99,91.98
10001010,14-09-2024,CUST010,Cooling,Pedestal Fan With Remote,1,49.99,49.99
10001011,15-09-2024,CUST001,Lighting,LED Tube Light 4ft,5,19.99,99.95
10001012,15-09-2024,CUST002,Home Appliance,Hand Blender Set,3,34,102
10001013,16-09-2024,CUST003,Cooling,Air Cooler Standard,1,129.99,129.99
10001014,16-09-2024,CUST004,Lighting,Desk Lamp Adjustable,4,18.5,74
10001015,17-09-2024,CUST005,Home Appliance,Coffee Maker 12 Cup,2,55.99,111.98
10001016,17-09-2024,CUST006,Cooling,Small Personal Fan,10,14.99,149.9
10001017,18-09-2024,CUST007,Lighting,Flood Light Outdoor,3,39.95,119.85
10001018,18-09-2024,CUST008,Home Appliance,Aeroquiet 5 Star Rated Premium BLDC PRO Ceiling Fan 1200mm Caramel Brown,1,2200,2910
10001019,19-09-2024,CUST009,Cooling,Tower Fan Oscillating,1,79.99,79.99
10001020,19-09-2024,CUST010,Lighting,Edison Style Bulb,25,6.5,162.5
10001021,20-09-2024,CUST001,Lighting,LED Bulb 9W,10,4.99,49.9
10001022,20-09-2024,CUST002,Cooling,Ceiling Fan Standard,1,59.99,59.99
10001023,21-09-2024,CUST003,Home Appliance,Microwave Oven 20L,2,89.5,179
10001024,21-09-2024,CUST004,Lighting,Smart Bulb RGB,5,12.5,62.5
10001025,22-09-2024,CUST005,Cooling,Table Fan Portable,1,24.99,24.99
10001026,22-09-2024,CUST006,Home Appliance,Electric Kettle,3,29.99,89.97
10001027,23-09-2024,CUST007,Lighting,Halogen Bulb 50W,50,2.75,137.5
10001028,23-09-2024,CUST008,Cooling,Exhaust Fan Small,2,35,70
10001029,24-09-2024,CUST009,Home Appliance,Toaster 2-Slice,1,45.99,45.99
10001030,24-09-2024,CUST010,Cooling,Pedestal Fan With Remote,2,49.99,99.98
10001031,25-09-2024,CUST001,Lighting,LED Tube Light 4ft,10,19.99,199.9
10001032,25-09-2024,CUST002,Home Appliance,Hand Blender Set,1,34,34
10001033,26-09-2024,CUST003,Cooling,Air Cooler Standard,2,129.99,259.98
10001034,26-09-2024,CUST004,Lighting,Desk Lamp Adjustable,8,18.5,148
10001035,27-09-2024,CUST005,Home Appliance,Coffee Maker 12 Cup,1,55.99,55.99
10001036,27-09-2024,CUST006,Cooling,Small Personal Fan,20,14.99,299.8
10001037,28-09-2024,CUST007,Lighting,Flood Light Outdoor,1,39.95,39.95
10001038,28-09-2024,CUST008,Home Appliance,Iron Steam Press,2,22,44
10001039,29-09-2024,CUST009,Cooling,Tower Fan Oscillating,3,79.99,239.97
10001040,29-09-2024,CUST010,Lighting,Edison Style Bulb,40,6.5,260
10001041,30-09-2024,CUST001,Lighting,LED Bulb 9W,8,4.99,39.92
10001042,30-09-2024,CUST002,Cooling,Ceiling Fan Standard,3,59.99,179.97
10001043,01-10-2024,CUST003,Home Appliance,Microwave Oven 20L,1,89.5,89.5
10001044,01-10-2024,CUST004,Lighting,Smart Bulb RGB,12,12.5,150
10001045,02-10-2024,CUST005,Cooling,Table Fan Portable,2,24.99,49.98
10001046,02-10-2024,CUST006,Home Appliance,Electric Kettle,1,29.99,29.99
10001047,03-10-2024,CUST007,Lighting,Halogen Bulb 50W,30,2.75,82.5
10001048,03-10-2024,CUST008,Cooling,Exhaust Fan Small,1,35,35
10001049,04-10-2024,CUST009,Home Appliance,Toaster 2-Slice,3,45.99,137.97
10001050,04-10-2024,CUST010,Cooling,Pedestal Fan With Remote,1,49.99,49.99
10001051,05-10-2024,CUST001,Lighting,LED Tube Light 4ft,7,19.99,139.93
10001052,05-10-2024,CUST002,Home Appliance,Hand Blender Set,2,34,68
10001053,06-10-2024,CUST003,Cooling,Air Cooler Standard,1,129.99,129.99
10001054,06-10-2024,CUST004,Lighting,Desk Lamp Adjustable,5,18.5,92.5
10001055,07-10-2024,CUST005,Home Appliance,Coffee Maker 12 Cup,3,55.99,167.97
10001056,07-10-2024,CUST006,Cooling,Small Personal Fan,15,14.99,224.85
10001057,08-10-2024,CUST007,Lighting,Flood Light Outdoor,2,39.95,79.9
10001058,08-10-2024,CUST008,Home Appliance,Iron Steam Press,1,22,22
10001059,09-10-2024,CUST009,Cooling,Tower Fan Oscillating,2,79.99,159.98
10001060,09-10-2024,CUST010,Lighting,Edison Style Bulb,35,6.5,227.5
10001061,10-10-2024,CUST001,Lighting,LED Bulb 9W,12,4.99,59.88
10001062,10-10-2024,CUST002,Cooling,Ceiling Fan Standard,1,59.99,59.99
10001063,11-10-2024,CUST003,Home Appliance,Microwave Oven 20L,2,89.5,179
10001064,11-10-2024,CUST004,Lighting,Smart Bulb RGB,7,12.5,87.5
10001065,12-10-2024,CUST005,Cooling,Table Fan Portable,4,24.99,99.96
10001066,12-10-2024,CUST006,Home Appliance,Electric Kettle,1,29.99,29.99
10001067,13-10-2024,CUST007,Lighting,Halogen Bulb 50W,25,2.75,68.75
10001068,13-10-2024,CUST008,Cooling,Exhaust Fan Small,1,35,35
10001069,14-10-2024,CUST009,Home Appliance,Toaster 2-Slice,2,45.99,91.98
10001070,14-10-2024,CUST010,Cooling,Pedestal Fan With Remote,3,49.99,149.97
10001071,15-10-2024,CUST001,Lighting,LED Tube Light 4ft,6,19.99,119.94
10001072,15-10-2024,CUST002,Home Appliance,Hand Blender Set,1,34,34
10001073,16-10-2024,CUST003,Cooling,Air Cooler Standard,1,129.99,129.99
10001074,16-10-2024,CUST004,Lighting,Desk Lamp Adjustable,10,18.5,185
10001075,17-10-2024,CUST005,Home Appliance,Coffee Maker 12 Cup,2,55.99,111.98
10001076,17-10-2024,CUST006,Cooling,Small Personal Fan,8,14.99,119.92
10001077,18-10-2024,CUST007,Lighting,Flood Light Outdoor,3,39.95,119.85
10001078,18-10-2024,CUST008,Home Appliance,Iron Steam Press,1,22,22
10001079,19-10-2024,CUST009,Cooling,Tower Fan Oscillating,1,79.99,79.99
10001080,19-10-2024,CUST010,Lighting,Edison Style Bulb,30,6.5,195
10001081,20-10-2024,CUST001,Lighting,LED Bulb 9W,18,4.99,89.82
10001082,20-10-2024,CUST002,Cooling,Ceiling Fan Standard,2,59.99,119.98
10001083,21-10-2024,CUST003,Home Appliance,Microwave Oven 20L,1,89.5,89.5
10001084,21-10-2024,CUST004,Lighting,Smart Bulb RGB,9,12.5,112.5
10001085,22-10-2024,CUST005,Cooling,Table Fan Portable,3,24.99,74.97
10001086,22-10-2024,CUST006,Home Appliance,Electric Kettle,2,29.99,59.98
10001087,23-10-2024,CUST007,Lighting,Halogen Bulb 50W,35,2.75,96.25
10001088,23-10-2024,CUST008,Cooling,Exhaust Fan Small,1,35,35
10001089,24-10-2024,CUST009,Home Appliance,Toaster 2-Slice,1,45.99,45.99
10001090,24-10-2024,CUST010,Cooling,Pedestal Fan With Remote,2,49.99,99.98
10001091,25-10-2024,CUST001,Lighting,LED Tube Light 4ft,8,19.99,159.92
10001092,25-10-2024,CUST002,Home Appliance,Hand Blender Set,3,34,102
10001093,26-10-2024,CUST003,Cooling,Air Cooler Standard,1,129.99,129.99
10001094,26-10-2024,CUST004,Lighting,Desk Lamp Adjustable,6,18.5,111
10001095,27-10-2024,CUST005,Home Appliance,Coffee Maker 12 Cup,2,55.99,111.98
10001096,27-10-2024,CUST006,Cooling,Small Personal Fan,12,14.99,179.88
10001097,28-10-2024,CUST007,Lighting,Flood Light Outdoor,1,39.95,39.95
10001098,28-10-2024,CUST008,Home Appliance,Iron Steam Press,3,22,66
10001099,29-10-2024,CUST009,Cooling,Tower Fan Oscillating,1,79.99,79.99
10001100,29-10-2024,CUST010,Lighting,Edison Style Bulb,28,6.5,182
10001101,30-10-2024,CUST001,Lighting,LED Bulb 9W,10,4.99,49.9
10001102,30-10-2024,CUST002,Cooling,Ceiling Fan Standard,1,59.99,59.99
10001103,31-10-2024,CUST003,Home Appliance,Microwave Oven 20L,2,89.5,179
10001104,31-10-2024,CUST004,Lighting,Smart Bulb RGB,5,12.5,62.5
10001105,01-11-2024,CUST005,Cooling,Table Fan Portable,1,24.99,24.99
10001106,01-11-2024,CUST006,Home Appliance,Electric Kettle,3,29.99,89.97
10001107,02-11-2024,CUST007,Lighting,Halogen Bulb 50W,50,2.75,137.5
10001108,02-11-2024,CUST008,Cooling,Exhaust Fan Small,2,35,70
10001109,03-11-2024,CUST009,Home Appliance,Toaster 2-Slice,1,45.99,45.99
10001110,03-11-2024,CUST010,Cooling,Pedestal Fan With Remote,2,49.99,99.98
10001111,04-11-2024,CUST001,Lighting,LED Tube Light 4ft,10,19.99,199.9
10001112,04-11-2024,CUST002,Home Appliance,Hand Blender Set,1,34,34
10001113,05-11-2024,CUST003,Cooling,Air Cooler Standard,2,129.99,259.98
10001114,05-11-2024,CUST004,Lighting,Desk Lamp Adjustable,8,18.5,148
10001115,06-11-2024,CUST005,Home Appliance,Coffee Maker 12 Cup,1,55.99,55.99
10001116,06-11-2024,CUST006,Cooling,Small Personal Fan,20,14.99,299.8
10001117,07-11-2024,CUST007,Lighting,Flood Light Outdoor,1,39.95,39.95
10001118,07-11-2024,CUST008,Home Appliance,Iron Steam Press,2,22,44
10001119,08-11-2024,CUST009,Cooling,Tower Fan Oscillating,3,79.99,239.97
10001120,08-11-2024,CUST010,Lighting,Edison Style Bulb,40,6.5,260
10001121,09-11-2024,CUST001,Lighting,LED Bulb 9W,8,4.99,39.92
10001122,09-11-2024,CUST002,Cooling,Ceiling Fan Standard,3,59.99,179.97
10001123,10-11-2024,CUST003,Home Appliance,Microwave Oven 20L,1,89.5,89.5
10001124,10-11-2024,CUST004,Lighting,Smart Bulb RGB,12,12.5,150
10001125,11-11-2024,CUST005,Cooling,Table Fan Portable,2,24.99,49.98
10001126,11-11-2024,CUST006,Home Appliance,Electric Kettle,1,29.99,29.99
10001127,12-11-2024,CUST007,Lighting,Halogen Bulb 50W,30,2.75,82.5
10001128,12-11-2024,CUST008,Cooling,Exhaust Fan Small,1,35,35
10001129,13-11-2024,CUST009,Home Appliance,Toaster 2-Slice,3,45.99,137.97
10001130,13-11-2024,CUST010,Cooling,Pedestal Fan With Remote,1,49.99,49.99
10001131,14-11-2024,CUST001,Lighting,LED Tube Light 4ft,7,19.99,139.93
10001132,14-11-2024,CUST002,Home Appliance,Hand Blender Set,2,34,68
10001133,15-11-2024,CUST003,Cooling,Air Cooler Standard,1,129.99,129.99
10001134,15-11-2024,CUST004,Lighting,Desk Lamp Adjustable,5,18.5,92.5
10001135,16-11-2024,CUST005,Home Appliance,Coffee Maker 12 Cup,3,55.99,167.97
10001136,16-11-2024,CUST006,Cooling,Small Personal Fan,15,14.99,224.85
10001137,17-11-2024,CUST007,Lighting,Flood Light Outdoor,2,39.95,79.9
10001138,17-11-2024,CUST008,Home Appliance,Iron Steam Press,1,22,22
10001139,18-11-2024,CUST009,Cooling,Tower Fan Oscillating,2,79.99,159.98
10001140,18-11-2024,CUST010,Lighting,Edison Style Bulb,35,6.5,227.5
10001141,19-11-2024,CUST001,Lighting,LED Bulb 9W,12,4.99,59.88
10001142,19-11-2024,CUST002,Cooling,Ceiling Fan Standard,1,59.99,59.99
10001143,20-11-2024,CUST003,Home Appliance,Microwave Oven 20L,2,89.5,179
10001144,20-11-2024,CUST004,Lighting,Smart Bulb RGB,7,12.5,87.5
10001145,21-11-2024,CUST005,Cooling,Table Fan Portable,4,24.99,99.96
10001146,21-11-2024,CUST006,Home Appliance,Electric Kettle,1,29.99,29.99
10001147,22-11-2024,CUST007,Lighting,Halogen Bulb 50W,25,2.75,68.75
10001148,22-11-2024,CUST008,Cooling,Exhaust Fan Small,1,35,35
10001149,23-11-2024,CUST009,Home Appliance,Toaster 2-Slice,2,45.99,91.98
10001150,23-11-2024,CUST010,Cooling,Pedestal Fan With Remote,3,49.99,149.97
10001151,24-11-2024,CUST001,Lighting,LED Tube Light 4ft,6,19.99,119.94
10001152,24-11-2024,CUST002,Home Appliance,Hand Blender Set,1,34,34
10001153,25-11-2024,CUST003,Cooling,Air Cooler Standard,1,129.99,129.99
10001154,25-11-2024,CUST004,Lighting,Desk Lamp Adjustable,10,18.5,185
10001155,26-11-2024,CUST005,Home Appliance,Coffee Maker 12 Cup,2,55.99,111.98
10001156,26-11-2024,CUST006,Cooling,Small Personal Fan,8,14.99,119.92
10001157,27-11-2024,CUST007,Lighting,Flood Light Outdoor,3,39.95,119.85
10001158,27-11-2024,CUST008,Home Appliance,Iron Steam Press,1,22,22
10001159,28-11-2024,CUST009,Cooling,Tower Fan Oscillating,1,79.99,79.99
10001160,28-11-2024,CUST010,Lighting,Edison Style Bulb,30,6.5,195
10001161,29-11-2024,CUST001,Lighting,LED Bulb 9W,18,4.99,89.82
10001162,29-11-2024,CUST002,Cooling,Ceiling Fan Standard,2,59.99,119.98
10001163,30-11-2024,CUST003,Home Appliance,Microwave Oven 20L,1,89.5,89.5
10001164,30-11-2024,CUST004,Lighting,Smart Bulb RGB,9,12.5,112.5
10001165,01-12-2024,CUST005,Cooling,Table Fan Portable,3,24.99,74.97
10001166,01-12-2024,CUST006,Home Appliance,Electric Kettle,2,29.99,59.98
10001167,02-12-2024,CUST007,Lighting,Halogen Bulb 50W,35,2.75,96.25
10001168,02-12-2024,CUST008,Cooling,Exhaust Fan Small,1,35,35
10001169,03-12-2024,CUST009,Home Appliance,Toaster 2-Slice,1,45.99,45.99
10001170,03-12-2024,CUST010,Cooling,Pedestal Fan With Remote,2,49.99,99.98
10001171,04-12-2024,CUST001,Lighting,LED Tube Light 4ft,8,19.99,159.92
10001172,04-12-2024,CUST002,Home Appliance,Hand Blender Set,3,34,102
10001173,05-12-2024,CUST003,Cooling,Air Cooler Standard,1,129.99,129.99
10001174,05-12-2024,CUST004,Lighting,Desk Lamp Adjustable,6,18.5,111
10001175,06-12-2024,CUST005,Home Appliance,Coffee Maker 12 Cup,2,55.99,111.98
10001176,06-12-2024,CUST006,Cooling,Small Personal Fan,12,14.99,179.88
10001177,07-12-2024,CUST007,Lighting,Flood Light Outdoor,1,39.95,39.95
10001178,07-12-2024,CUST008,Home Appliance,Iron Steam Press,3,22,66
10001179,08-12-2024,CUST009,Cooling,Tower Fan Oscillating,1,79.99,79.99
10001180,08-12-2024,CUST010,Lighting,Edison Style Bulb,28,6.5,182
10001181,09-12-2024,CUST001,Lighting,LED Bulb 9W,10,4.99,49.9
10001182,09-12-2024,CUST002,Cooling,Ceiling Fan Standard,1,59.99,59.99
10001183,10-12-2024,CUST003,Home Appliance,Microwave Oven 20L,2,89.5,179
10001184,10-12-2024,CUST004,Lighting,Smart Bulb RGB,5,12.5,62.5
10001185,11-12-2024,CUST005,Cooling,Table Fan Portable,1,24.99,24.99
10001186,11-12-2024,CUST006,Home Appliance,Electric Kettle,3,29.99,89.97
10001187,12-12-2024,CUST007,Lighting,Halogen Bulb 50W,50,2.75,137.5
10001188,12-12-2024,CUST008,Cooling,Exhaust Fan Small,2,35,70
10001189,13-12-2024,CUST009,Home Appliance,Toaster 2-Slice,1,45.99,45.99
10001190,13-12-2024,CUST010,Cooling,Pedestal Fan With Remote,2,49.99,99.98
10001191,14-12-2024,CUST001,Lighting,LED Tube Light 4ft,10,19.99,199.9
10001192,14-12-2024,CUST002,Home Appliance,Hand Blender Set,1,34,34
10001193,15-12-2024,CUST003,Cooling,Air Cooler Standard,2,129.99,259.98
10001194,15-12-2024,CUST004,Lighting,Desk Lamp Adjustable,8,18.5,148
10001195,16-12-2024,CUST005,Home Appliance,Coffee Maker 12 Cup,1,55.99,55.99
10001196,16-12-2024,CUST006,Cooling,Small Personal Fan,20,14.99,299.8
10001197,17-12-2024,CUST007,Lighting,Flood Light Outdoor,1,39.95,39.95
10001198,17-12-2024,CUST008,Home Appliance,Iron Steam Press,2,22,44
10001199,18-12-2024,CUST009,Cooling,Tower Fan Oscillating,3,79.99,239.97
10001200,18-12-2024,CUST010,Lighting,Edison Style Bulb,40,6.5,260
10001201,19-12-2024,CUST001,Lighting,LED Bulb 9W,8,4.99,39.92
10001202,19-12-2024,CUST002,Cooling,Ceiling Fan Standard,3,59.99,179.97
10001203,20-12-2024,CUST003,Home Appliance,Microwave Oven 20L,1,89.5,89.5
10001204,20-12-2024,CUST004,Lighting,Smart Bulb RGB,12,12.5,150
10001205,21-12-2024,CUST005,Cooling,Table Fan Portable,2,24.99,49.98
10001206,21-12-2024,CUST006,Home Appliance,Electric Kettle,1,29.99,29.99
10001207,22-12-2024,CUST007,Lighting,Halogen Bulb 50W,30,2.75,82.5
10001208,22-12-2024,CUST008,Cooling,Exhaust Fan Small,1,35,35
10001209,23-12-2024,CUST009,Home Appliance,Toaster 2-Slice,3,45.99,137.97
10001210,23-12-2024,CUST010,Cooling,Pedestal Fan With Remote,1,49.99,49.99
10001211,24-12-2024,CUST001,Lighting,LED Tube Light 4ft,7,19.99,139.93
10001212,24-12-2024,CUST002,Home Appliance,Hand Blender Set,2,34,68
10001213,25-12-2024,CUST003,Cooling,Air Cooler Standard,1,129.99,129.99
10001214,25-12-2024,CUST004,Lighting,Desk Lamp Adjustable,5,18.5,92.5
10001215,26-12-2024,CUST005,Home Appliance,Coffee Maker 12 Cup,3,55.99,167.97
10001216,26-12-2024,CUST006,Cooling,Small Personal Fan,15,14.99,224.85
10001217,27-12-2024,CUST007,Lighting,Flood Light Outdoor,2,39.95,79.9
10001218,27-12-2024,CUST008,Home Appliance,Iron Steam Press,1,22,22
10001219,28-12-2024,CUST009,Cooling,Tower Fan Oscillating,2,79.99,159.98
10001220,28-12-2024,CUST010,Lighting,Edison Style Bulb,35,6.5,227.5
10001221,29-12-2024,CUST001,Lighting,LED Bulb 9W,12,4.99,59.88
10001222,29-12-2024,CUST002,Cooling,Ceiling Fan Standard,1,59.99,59.99
10001223,30-12-2024,CUST003,Home Appliance,Microwave Oven 20L,2,89.5,179
10001224,30-12-2024,CUST004,Lighting,Smart Bulb RGB,7,12.5,87.5
10001225,31-12-2024,CUST005,Cooling,Table Fan Portable,4,24.99,99.96
10001226,31-12-2024,CUST006,Home Appliance,Electric Kettle,1,29.99,29.99
10001227,01-01-2025,CUST007,Lighting,Halogen Bulb 50W,25,2.75,68.75
10001228,01-01-2025,CUST008,Cooling,Exhaust Fan Small,1,35,35
10001229,02-01-2025,CUST009,Home Appliance,Toaster 2-Slice,2,45.99,91.98
10001230,02-01-2025,CUST010,Cooling,Pedestal Fan With Remote,3,49.99,149.97
10001231,03-01-2025,CUST001,Lighting,LED Tube Light 4ft,6,19.99,119.94
10001232,03-01-2025,CUST002,Home Appliance,Hand Blender Set,1,34,34
10001233,04-01-2025,CUST003,Cooling,Air Cooler Standard,1,129.99,129.99
10001234,04-01-2025,CUST004,Lighting,Desk Lamp Adjustable,10,18.5,185
10001235,05-01-2025,CUST005,Home Appliance,Coffee Maker 12 Cup,2,55.99,111.98
10001236,05-01-2025,CUST006,Cooling,Small Personal Fan,8,14.99,119.92
10001237,06-01-2025,CUST007,Lighting,Flood Light Outdoor,3,39.95,119.85
10001238,06-01-2025,CUST008,Home Appliance,Iron Steam Press,1,22,22
10001239,07-01-2025,CUST009,Cooling,Tower Fan Oscillating,1,79.99,79.99
10001240,07-01-2025,CUST010,Lighting,Edison Style Bulb,30,6.5,195
10001241,08-01-2025,CUST001,Lighting,LED Bulb 9W,18,4.99,89.82
10001242,08-01-2025,CUST002,Cooling,Ceiling Fan Standard,2,59.99,119.98
10001243,09-01-2025,CUST003,Home Appliance,Microwave Oven 20L,1,89.5,89.5
10001244,09-01-2025,CUST004,Lighting,Smart Bulb RGB,9,12.5,112.5
10001245,10-01-2025,CUST005,Cooling,Table Fan Portable,3,24.99,74.97
10001246,10-01-2025,CUST006,Home Appliance,Electric Kettle,2,29.99,59.98
10001247,11-01-2025,CUST007,Lighting,Halogen Bulb 50W,35,2.75,96.25
10001248,11-01-2025,CUST008,Cooling,Exhaust Fan Small,1,35,35
10001249,12-01-2025,CUST009,Home Appliance,Toaster 2-Slice,1,45.99,45.99
10001250,12-01-2025,CUST010,Cooling,Pedestal Fan With Remote,2,49.99,99.98
10001251,13-01-2025,CUST001,Lighting,LED Tube Light 4ft,8,19.99,159.92
10001252,13-01-2025,CUST002,Home Appliance,Hand Blender Set,3,34,102
10001253,14-01-2025,CUST003,Cooling,Air Cooler Standard,1,129.99,129.99
10001254,14-01-2025,CUST004,Lighting,Desk Lamp Adjustable,6,18.5,111
10001255,15-01-2025,CUST005,Home Appliance,Coffee Maker 12 Cup,2,55.99,111.98
10001256,15-01-2025,CUST006,Cooling,Small Personal Fan,12,14.99,179.88
10001257,16-01-2025,CUST007,Lighting,Flood Light Outdoor,1,39.95,39.95
10001258,16-01-2025,CUST008,Home Appliance,Iron Steam Press,3,22,66
10001259,17-01-2025,CUST009,Cooling,Tower Fan Oscillating,1,79.99,79.99
10001260,17-01-2025,CUST010,Lighting,Edison Style Bulb,28,6.5,182
10001261,18-01-2025,CUST001,Lighting,LED Bulb 9W,10,4.99,49.9
10001262,18-01-2025,CUST002,Cooling,Ceiling Fan Standard,1,59.99,59.99
10001263,19-01-2025,CUST003,Home Appliance,Microwave Oven 20L,2,89.5,179
10001264,19-01-2025,CUST004,Lighting,Smart Bulb RGB,5,12.5,62.5
10001265,20-01-2025,CUST005,Cooling,Table Fan Portable,1,24.99,24.99
10001266,20-01-2025,CUST006,Home Appliance,Electric Kettle,3,29.99,89.97
10001267,21-01-2025,CUST007,Lighting,Halogen Bulb 50W,50,2.75,137.5
10001268,21-01-2025,CUST008,Cooling,Exhaust Fan Small,2,35,70
10001269,22-01-2025,CUST009,Home Appliance,Toaster 2-Slice,1,45.99,45.99
10001270,22-01-2025,CUST010,Cooling,Pedestal Fan With Remote,2,49.99,99.98
10001271,23-01-2025,CUST001,Lighting,LED Tube Light 4ft,10,19.99,199.9
10001272,23-01-2025,CUST002,Home Appliance,Hand Blender Set,1,34,34
10001273,24-01-2025,CUST003,Cooling,Air Cooler Standard,2,129.99,259.98
10001274,24-01-2025,CUST004,Lighting,Desk Lamp Adjustable,8,18.5,148
10001275,25-01-2025,CUST005,Home Appliance,Coffee Maker 12 Cup,1,55.99,55.99
10001276,25-01-2025,CUST006,Cooling,Small Personal Fan,20,14.99,299.8
10001277,26-01-2025,CUST007,Lighting,Flood Light Outdoor,1,39.95,39.95
10001278,26-01-2025,CUST008,Home Appliance,Iron Steam Press,2,22,44
10001279,27-01-2025,CUST009,Cooling,Tower Fan Oscillating,3,79.99,239.97
10001280,27-01-2025,CUST010,Lighting,Edison Style Bulb,40,6.5,260
10001281,28-01-2025,CUST001,Lighting,LED Bulb 9W,8,4.99,39.92
10001282,28-01-2025,CUST002,Cooling,Ceiling Fan Standard,3,59.99,179.97
10001283,29-01-2025,CUST003,Home Appliance,Microwave Oven 20L,1,89.5,89.5
10001284,29-01-2025,CUST004,Lighting,Smart Bulb RGB,12,12.5,150
10001285,30-01-2025,CUST005,Cooling,Table Fan Portable,2,24.99,49.98
10001286,30-01-2025,CUST006,Home Appliance,Electric Kettle,1,29.99,29.99
10001287,31-01-2025,CUST007,Lighting,Halogen Bulb 50W,30,2.75,82.5
10001288,31-01-2025,CUST008,Cooling,Exhaust Fan Small,1,35,35
10001289,01-02-2025,CUST009,Home Appliance,Toaster 2-Slice,3,45.99,137.97
10001290,01-02-2025,CUST010,Cooling,Pedestal Fan With Remote,1,49.99,49.99
10001291,02-02-2025,CUST001,Lighting,LED Tube Light 4ft,7,19.99,139.93
10001292,02-02-2025,CUST002,Home Appliance,Hand Blender Set,2,34,68
10001293,03-02-2025,CUST003,Cooling,Air Cooler Standard,1,129.99,129.99
10001294,03-02-2025,CUST004,Lighting,Desk Lamp Adjustable,5,18.5,92.5
10001295,04-02-2025,CUST005,Home Appliance,Coffee Maker 12 Cup,3,55.99,167.97
10001296,04-02-2025,CUST006,Cooling,Small Personal Fan,15,14.99,224.85
10001297,05-02-2025,CUST007,Lighting,Flood Light Outdoor,2,39.95,79.9
10001298,05-02-2025,CUST008,Home Appliance,Iron Steam Press,1,22,22
10001299,06-02-2025,CUST009,Cooling,Tower Fan Oscillating,2,79.99,159.98
10001300,06-02-2025,CUST010,Lighting,Edison Style Bulb,35,6.5,227.5
10001301,07-02-2025,CUST001,Lighting,LED Bulb 9W,12,4.99,59.88
10001302,07-02-2025,CUST002,Cooling,Ceiling Fan Standard,1,59.99,59.99
10001303,08-02-2025,CUST003,Home Appliance,Microwave Oven 20L,2,89.5,179
10001304,08-02-2025,CUST004,Lighting,Smart Bulb RGB,7,12.5,87.5
10001305,09-02-2025,CUST005,Cooling,Table Fan Portable,4,24.99,99.96
10001306,09-02-2025,CUST006,Home Appliance,Electric Kettle,1,29.99,29.99
10001307,10-02-2025,CUST007,Lighting,Halogen Bulb 50W,25,2.75,68.75
10001308,10-02-2025,CUST008,Cooling,Exhaust Fan Small,1,35,35
10001309,11-02-2025,CUST009,Home Appliance,Toaster 2-Slice,2,45.99,91.98
10001310,11-02-2025,CUST010,Cooling,Pedestal Fan With Remote,3,49.99,149.97
10001311,12-02-2025,CUST001,Lighting,LED Tube Light 4ft,6,19.99,119.94
10001312,12-02-2025,CUST002,Home Appliance,Hand Blender Set,1,34,34
10001313,13-02-2025,CUST003,Cooling,Air Cooler Standard,1,129.99,129.99
10001314,13-02-2025,CUST004,Lighting,Desk Lamp Adjustable,10,18.5,185
10001315,14-02-2025,CUST005,Home Appliance,Coffee Maker 12 Cup,2,55.99,111.98
10001316,14-02-2025,CUST006,Cooling,Small Personal Fan,8,14.99,119.92
10001317,15-02-2025,CUST007,Lighting,Flood Light Outdoor,3,39.95,119.85
10001318,15-02-2025,CUST008,Home Appliance,Iron Steam Press,1,22,22
10001319,16-02-2025,CUST009,Cooling,Tower Fan Oscillating,1,79.99,79.99
10001320,16-02-2025,CUST010,Lighting,Edison Style Bulb,30,6.5,195
10001321,17-02-2025,CUST001,Lighting,LED Bulb 9W,18,4.99,89.82
10001322,17-02-2025,CUST002,Cooling,Ceiling Fan Standard,2,59.99,119.98
10001323,18-02-2025,CUST003,Home Appliance,Microwave Oven 20L,1,89.5,89.5
10001324,18-02-2025,CUST004,Lighting,Smart Bulb RGB,9,12.5,112.5
10001325,19-02-2025,CUST005,Cooling,Table Fan Portable,3,24.99,74.97
10001326,19-02-2025,CUST006,Home Appliance,Electric Kettle,2,29.99,59.98
10001327,20-02-2025,CUST007,Lighting,Halogen Bulb 50W,35,2.75,96.25
10001328,20-02-2025,CUST008,Cooling,Exhaust Fan Small,1,35,35
10001329,21-02-2025,CUST009,Home Appliance,Toaster 2-Slice,1,45.99,45.99
10001330,21-02-2025,CUST010,Cooling,Pedestal Fan With Remote,2,49.99,99.98
10001331,22-02-2025,CUST001,Lighting,LED Tube Light 4ft,8,19.99,159.92
10001332,22-02-2025,CUST002,Home Appliance,Hand Blender Set,3,34,102
10001333,23-02-2025,CUST003,Cooling,Air Cooler Standard,1,129.99,129.99
10001334,23-02-2025,CUST004,Lighting,Desk Lamp Adjustable,6,18.5,111
10001335,24-02-2025,CUST005,Home Appliance,Coffee Maker 12 Cup,2,55.99,111.98
10001336,24-02-2025,CUST006,Cooling,Small Personal Fan,12,14.99,179.88
10001337,25-02-2025,CUST007,Lighting,Flood Light Outdoor,1,39.95,39.95
10001338,25-02-2025,CUST008,Home Appliance,Iron Steam Press,3,22,66
10001339,26-02-2025,CUST009,Cooling,Tower Fan Oscillating,1,79.99,79.99
10001340,26-02-2025,CUST010,Lighting,Edison Style Bulb,28,6.5,182
10001341,27-02-2025,CUST001,Lighting,LED Bulb 9W,10,4.99,49.9
10001342,27-02-2025,CUST002,Cooling,Ceiling Fan Standard,1,59.99,59.99
10001343,28-02-2025,CUST003,Home Appliance,Microwave Oven 20L,2,89.5,179
10001344,28-02-2025,CUST004,Lighting,Smart Bulb RGB,5,12.5,62.5
10001345,01-03-2025,CUST005,Cooling,Table Fan Portable,1,24.99,24.99
10001346,01-03-2025,CUST006,Home Appliance,Electric Kettle,3,29.99,89.97
10001347,02-03-2025,CUST007,Lighting,Halogen Bulb 50W,50,2.75,137.5
10001348,02-03-2025,CUST008,Cooling,Exhaust Fan Small,2,35,70
10001349,03-03-2025,CUST009,Home Appliance,Toaster 2-Slice,1,45.99,45.99
10001350,03-03-2025,CUST010,Cooling,Pedestal Fan With Remote,2,49.99,99.98
10001351,04-03-2025,CUST001,Lighting,LED Tube Light 4ft,10,19.99,199.9
10001352,04-03-2025,CUST002,Home Appliance,Hand Blender Set,1,34,34
10001353,05-03-2025,CUST003,Cooling,Air Cooler Standard,2,129.99,259.98
10001354,05-03-2025,CUST004,Lighting,Desk Lamp Adjustable,8,18.5,148
10001355,06-03-2025,CUST005,Home Appliance,Coffee Maker 12 Cup,1,55.99,55.99
10001356,06-03-2025,CUST006,Cooling,Small Personal Fan,20,14.99,299.8
10001357,07-03-2025,CUST007,Lighting,Flood Light Outdoor,1,39.95,39.95
10001358,07-03-2025,CUST008,Home Appliance,Iron Steam Press,2,22,44
10001359,08-03-2025,CUST009,Cooling,Tower Fan Oscillating,3,79.99,239.97
10001360,08-03-2025,CUST010,Lighting,Edison Style Bulb,40,6.5,260
10001361,09-03-2025,CUST001,Lighting,LED Bulb 9W,8,4.99,39.92
10001362,09-03-2025,CUST002,Cooling,Ceiling Fan Standard,3,59.99,179.97
10001363,10-03-2025,CUST003,Home Appliance,Microwave Oven 20L,1,89.5,89.5
10001364,10-03-2025,CUST004,Lighting,Smart Bulb RGB,12,12.5,150
10001365,11-03-2025,CUST005,Cooling,Table Fan Portable,2,24.99,49.98
10001366,11-03-2025,CUST006,Home Appliance,Electric Kettle,1,29.99,29.99
10001367,12-03-2025,CUST007,Lighting,Halogen Bulb 50W,30,2.75,82.5
10001368,12-03-2025,CUST008,Cooling,Exhaust Fan Small,1,35,35
10001369,13-03-2025,CUST009,Home Appliance,Toaster 2-Slice,3,45.99,137.97
10001370,13-03-2025,CUST010,Cooling,Pedestal Fan With Remote,1,49.99,49.99
10001371,14-03-2025,CUST001,Lighting,LED Tube Light 4ft,7,19.99,139.93
10001372,14-03-2025,CUST002,Home Appliance,Hand Blender Set,2,34,68
10001373,15-03-2025,CUST003,Cooling,Air Cooler Standard,1,129.99,129.99
10001374,15-03-2025,CUST004,Lighting,Desk Lamp Adjustable,5,18.5,92.5
10001375,16-03-2025,CUST005,Home Appliance,Coffee Maker 12 Cup,3,55.99,167.97
10001376,16-03-2025,CUST006,Cooling,Small Personal Fan,15,14.99,224.85
10001377,17-03-2025,CUST007,Lighting,Flood Light Outdoor,2,39.95,79.9
10001378,17-03-2025,CUST008,Home Appliance,Iron Steam Press,1,22,22
10001379,18-03-2025,CUST009,Cooling,Tower Fan Oscillating,2,79.99,159.98
10001380,18-03-2025,CUST010,Lighting,Edison Style Bulb,35,6.5,227.5
10001381,19-03-2025,CUST001,Lighting,LED Bulb 9W,12,4.99,59.88
10001382,19-03-2025,CUST002,Cooling,Ceiling Fan Standard,1,59.99,59.99
10001383,20-03-2025,CUST003,Home Appliance,Microwave Oven 20L,2,89.5,179
10001384,20-03-2025,CUST004,Lighting,Smart Bulb RGB,7,12.5,87.5
10001385,21-03-2025,CUST005,Cooling,Table Fan Portable,4,24.99,99.96
10001386,21-03-2025,CUST006,Home Appliance,Electric Kettle,1,29.99,29.99
10001387,22-03-2025,CUST007,Lighting,Halogen Bulb 50W,25,2.75,68.75
10001388,22-03-2025,CUST008,Cooling,Exhaust Fan Small,1,35,35
10001389,23-03-2025,CUST009,Home Appliance,Toaster 2-Slice,2,45.99,91.98
10001390,23-03-2025,CUST010,Cooling,Pedestal Fan With Remote,3,49.99,149.97
10001391,24-03-2025,CUST001,Lighting,LED Tube Light 4ft,6,19.99,119.94
10001392,24-03-2025,CUST002,Home Appliance,Hand Blender Set,1,34,34
10001393,25-03-2025,CUST003,Cooling,Air Cooler Standard,1,129.99,129.99
10001394,25-03-2025,CUST004,Lighting,Desk Lamp Adjustable,10,18.5,185
10001395,26-03-2025,CUST005,Home Appliance,Coffee Maker 12 Cup,2,55.99,111.98
10001396,26-03-2025,CUST006,Cooling,Small Personal Fan,8,14.99,119.92
10001397,27-03-2025,CUST007,Lighting,Flood Light Outdoor,3,39.95,119.85
10001398,27-03-2025,CUST008,Home Appliance,Iron Steam Press,1,22,22
10001399,28-03-2025,CUST009,Cooling,Tower Fan Oscillating,1,79.99,79.99
10001400,28-03-2025,CUST010,Lighting,Edison Style Bulb,30,6.5,195
10001401,29-03-2025,CUST001,Lighting,LED Bulb 9W,18,4.99,89.82
10001402,29-03-2025,CUST002,Cooling,Ceiling Fan Standard,2,59.99,119.98
10001403,30-03-2025,CUST003,Home Appliance,Microwave Oven 20L,1,89.5,89.5
10001404,30-03-2025,CUST004,Lighting,Smart Bulb RGB,9,12.5,112.5
10001405,31-03-2025,CUST005,Cooling,Table Fan Portable,3,24.99,74.97
10001406,31-03-2025,CUST006,Home Appliance,Electric Kettle,2,29.99,59.98
10001407,01-04-2025,CUST007,Lighting,Halogen Bulb 50W,35,2.75,96.25
10001408,01-04-2025,CUST008,Cooling,Exhaust Fan Small,1,35,35
10001409,02-04-2025,CUST009,Home Appliance,Toaster 2-Slice,1,45.99,45.99
10001410,02-04-2025,CUST010,Cooling,Pedestal Fan With Remote,2,49.99,99.98
10001411,03-04-2025,CUST001,Lighting,LED Tube Light 4ft,8,19.99,159.92
10001412,03-04-2025,CUST002,Home Appliance,Hand Blender Set,3,34,102
10001413,04-04-2025,CUST003,Cooling,Air Cooler Standard,1,129.99,129.99
10001414,04-04-2025,CUST004,Lighting,Desk Lamp Adjustable,6,18.5,111
10001415,05-04-2025,CUST005,Home Appliance,Coffee Maker 12 Cup,2,55.99,111.98
10001416,05-04-2025,CUST006,Cooling,Small Personal Fan,12,14.99,179.88
10001417,06-04-2025,CUST007,Lighting,Flood Light Outdoor,1,39.95,39.95
10001418,06-04-2025,CUST008,Home Appliance,Iron Steam Press,3,22,66
10001419,07-04-2025,CUST009,Cooling,Tower Fan Oscillating,1,79.99,79.99
10001420,07-04-2025,CUST010,Lighting,Edison Style Bulb,28,6.5,182
10001421,08-04-2025,CUST001,Lighting,LED Bulb 9W,10,4.99,49.9
10001422,08-04-2025,CUST002,Cooling,Ceiling Fan Standard,1,59.99,59.99
10001423,09-04-2025,CUST003,Home Appliance,Microwave Oven 20L,2,89.5,179
10001424,09-04-2025,CUST004,Lighting,Smart Bulb RGB,5,12.5,62.5
10001425,10-04-2025,CUST005,Cooling,Table Fan Portable,1,24.99,24.99
10001426,10-04-2025,CUST006,Home Appliance,Electric Kettle,3,29.99,89.97
10001427,11-04-2025,CUST007,Lighting,Halogen Bulb 50W,50,2.75,137.5
10001428,11-04-2025,CUST008,Cooling,Exhaust Fan Small,2,35,70
10001429,12-04-2025,CUST009,Home Appliance,Toaster 2-Slice,1,45.99,45.99
10001430,12-04-2025,CUST010,Cooling,Pedestal Fan With Remote,2,49.99,99.98
10001431,13-04-2025,CUST001,Lighting,LED Tube Light 4ft,10,19.99,199.9
10001432,13-04-2025,CUST002,Home Appliance,Hand Blender Set,1,34,34
10001433,14-04-2025,CUST003,Cooling,Air Cooler Standard,2,129.99,259.98
10001434,14-04-2025,CUST004,Lighting,Desk Lamp Adjustable,8,18.5,148
10001435,15-04-2025,CUST005,Home Appliance,Coffee Maker 12 Cup,1,55.99,55.99
10001436,15-04-2025,CUST006,Cooling,Small Personal Fan,20,14.99,299.8
10001437,16-04-2025,CUST007,Lighting,Flood Light Outdoor,1,39.95,39.95
10001438,16-04-2025,CUST008,Home Appliance,Iron Steam Press,2,22,44
10001439,17-04-2025,CUST009,Cooling,Tower Fan Oscillating,3,79.99,239.97
10001440,17-04-2025,CUST010,Lighting,Edison Style Bulb,40,6.5,260
10001441,18-04-2025,CUST001,Lighting,LED Bulb 9W,8,4.99,39.92
10001442,18-04-2025,CUST002,Cooling,Ceiling Fan Standard,3,59.99,179.97
10001443,19-04-2025,CUST003,Home Appliance,Microwave Oven 20L,1,89.5,89.5
10001444,19-04-2025,CUST004,Lighting,Smart Bulb RGB,12,12.5,150
10001445,20-04-2025,CUST005,Cooling,Table Fan Portable,2,24.99,49.98
10001446,20-04-2025,CUST006,Home Appliance,Electric Kettle,1,29.99,29.99
10001447,21-04-2025,CUST007,Lighting,Halogen Bulb 50W,30,2.75,82.5
10001448,21-04-2025,CUST008,Cooling,Exhaust Fan Small,1,35,35
10001449,22-04-2025,CUST009,Home Appliance,Toaster 2-Slice,3,45.99,137.97
10001450,22-04-2025,CUST010,Cooling,Pedestal Fan With Remote,1,49.99,49.99
10001451,23-04-2025,CUST001,Lighting,LED Tube Light 4ft,7,19.99,139.93
10001452,23-04-2025,CUST002,Home Appliance,Hand Blender Set,2,34,68
10001453,24-04-2025,CUST003,Cooling,Air Cooler Standard,1,129.99,129.99
10001454,24-04-2025,CUST004,Lighting,Desk Lamp Adjustable,5,18.5,92.5
10001455,25-04-2025,CUST005,Home Appliance,Coffee Maker 12 Cup,3,55.99,167.97
10001456,25-04-2025,CUST006,Cooling,Small Personal Fan,15,14.99,224.85
10001457,26-04-2025,CUST007,Lighting,Flood Light Outdoor,2,39.95,79.9
10001458,26-04-2025,CUST008,Home Appliance,Iron Steam Press,1,22,22
10001459,27-04-2025,CUST009,Cooling,Tower Fan Oscillating,2,79.99,159.98
10001460,27-04-2025,CUST010,Lighting,Edison Style Bulb,35,6.5,227.5
10001461,28-04-2025,CUST001,Lighting,LED Bulb 9W,12,4.99,59.88
10001462,28-04-2025,CUST002,Cooling,Ceiling Fan Standard,1,59.99,59.99
10001463,29-04-2025,CUST003,Home Appliance,Microwave Oven 20L,2,89.5,179
10001464,29-04-2025,CUST004,Lighting,Smart Bulb RGB,7,12.5,87.5
10001465,30-04-2025,CUST005,Cooling,Table Fan Portable,4,24.99,99.96
10001466,30-04-2025,CUST006,Home Appliance,Electric Kettle,1,29.99,29.99
10001467,01-05-2025,CUST007,Lighting,Halogen Bulb 50W,25,2.75,68.75
10001468,01-05-2025,CUST008,Cooling,Exhaust Fan Small,1,35,35
10001469,02-05-2025,CUST009,Home Appliance,Toaster 2-Slice,2,45.99,91.98
10001470,02-05-2025,CUST010,Cooling,Pedestal Fan With Remote,3,49.99,149.97
10001471,03-05-2025,CUST001,Lighting,LED Tube Light 4ft,6,19.99,119.94
10001472,03-05-2025,CUST002,Home Appliance,Hand Blender Set,1,34,34
10001473,04-05-2025,CUST003,Cooling,Air Cooler Standard,1,129.99,129.99
10001474,04-05-2025,CUST004,Lighting,Desk Lamp Adjustable,10,18.5,185
10001475,05-05-2025,CUST005,Home Appliance,Coffee Maker 12 Cup,2,55.99,111.98
10001476,05-05-2025,CUST006,Cooling,Small Personal Fan,8,14.99,119.92
10001477,06-05-2025,CUST007,Lighting,Flood Light Outdoor,3,39.95,119.85
10001478,06-05-2025,CUST008,Home Appliance,Iron Steam Press,1,22,22
10001479,07-05-2025,CUST009,Cooling,Tower Fan Oscillating,1,79.99,79.99
10001480,07-05-2025,CUST010,Lighting,Edison Style Bulb,30,6.5,195
10001481,08-05-2025,CUST001,Lighting,LED Bulb 9W,18,4.99,89.82
10001482,08-05-2025,CUST002,Cooling,Ceiling Fan Standard,2,59.99,119.98
10001483,09-05-2025,CUST003,Home Appliance,Microwave Oven 20L,1,89.5,89.5
10001484,09-05-2025,CUST004,Lighting,Smart Bulb RGB,9,12.5,112.5
10001485,10-05-2025,CUST005,Cooling,Table Fan Portable,3,24.99,74.97
10001486,10-05-2025,CUST006,Home Appliance,Electric Kettle,2,29.99,59.98
10001487,11-05-2025,CUST007,Lighting,Halogen Bulb 50W,35,2.75,96.25
10001488,11-05-2025,CUST008,Cooling,Exhaust Fan Small,1,35,35
10001489,12-05-2025,CUST009,Home Appliance,Toaster 2-Slice,1,45.99,45.99
10001490,12-05-2025,CUST010,Cooling,Pedestal Fan With Remote,2,49.99,99.98
10001491,13-05-2025,CUST001,Lighting,LED Tube Light 4ft,8,19.99,159.92
10001492,13-05-2025,CUST002,Home Appliance,Hand Blender Set,3,34,102
10001493,14-05-2025,CUST003,Cooling,Air Cooler Standard,1,129.99,129.99
10001494,14-05-2025,CUST004,Lighting,Desk Lamp Adjustable,6,18.5,111
10001495,15-05-2025,CUST005,Home Appliance,Coffee Maker 12 Cup,2,55.99,111.98
10001496,15-05-2025,CUST006,Cooling,Small Personal Fan,12,14.99,179.88
10001497,16-05-2025,CUST007,Lighting,Flood Light Outdoor,1,39.95,39.95
10001498,16-05-2025,CUST008,Home Appliance,Iron Steam Press,3,22,66
10001499,17-05-2025,CUST009,Cooling,Tower Fan Oscillating,1,79.99,79.99
10001500,17-05-2025,CUST010,Lighting,Edison Style Bulb,28,6.5,182
10001501,18-05-2025,CUST001,Lighting,LED Bulb 9W,10,4.99,49.9
10001502,18-05-2025,CUST002,Cooling,Ceiling Fan Standard,1,59.99,59.99
10001503,19-05-2025,CUST003,Home Appliance,Microwave Oven 20L,2,89.5,179
10001504,19-05-2025,CUST004,Lighting,Smart Bulb RGB,5,12.5,62.5
10001505,20-05-2025,CUST005,Cooling,Table Fan Portable,1,24.99,24.99
10001506,20-05-2025,CUST006,Home Appliance,Electric Kettle,3,29.99,89.97
10001507,21-05-2025,CUST007,Lighting,Halogen Bulb 50W,50,2.75,137.5
10001508,21-05-2025,CUST008,Cooling,Exhaust Fan Small,2,35,70
10001509,22-05-2025,CUST009,Home Appliance,Toaster 2-Slice,1,45.99,45.99
10001510,22-05-2025,CUST010,Cooling,Pedestal Fan With Remote,2,49.99,99.98
10001511,23-05-2025,CUST001,Lighting,LED Tube Light 4ft,10,19.99,199.9
10001512,23-05-2025,CUST002,Home Appliance,Hand Blender Set,1,34,34
10001513,24-05-2025,CUST003,Cooling,Air Cooler Standard,2,129.99,259.98
10001514,24-05-2025,CUST004,Lighting,Desk Lamp Adjustable,8,18.5,148
10001515,25-05-2025,CUST005,Home Appliance,Coffee Maker 12 Cup,1,55.99,55.99
10001516,25-05-2025,CUST006,Cooling,Small Personal Fan,20,14.99,299.8
10001517,26-05-2025,CUST007,Lighting,Flood Light Outdoor,1,39.95,39.95
10001518,26-05-2025,CUST008,Home Appliance,Iron Steam Press,2,22,44
10001519,27-05-2025,CUST009,Cooling,Tower Fan Oscillating,3,79.99,239.97
10001520,27-05-2025,CUST010,Lighting,Edison Style Bulb,40,6.5,260
10001521,28-05-2025,CUST001,Lighting,LED Bulb 9W,8,4.99,39.92
10001522,28-05-2025,CUST002,Cooling,Ceiling Fan Standard,3,59.99,179.97
10001523,29-05-2025,CUST003,Home Appliance,Microwave Oven 20L,1,89.5,89.5
10001524,29-05-2025,CUST004,Lighting,Smart Bulb RGB,12,12.5,150
10001525,30-05-2025,CUST005,Cooling,Table Fan Portable,2,24.99,49.98
10001526,30-05-2025,CUST006,Home Appliance,Electric Kettle,1,29.99,29.99
10001527,31-05-2025,CUST007,Lighting,Halogen Bulb 50W,30,2.75,82.5
10001528,31-05-2025,CUST008,Cooling,Exhaust Fan Small,1,35,35
10001529,01-06-2025,CUST009,Home Appliance,Toaster 2-Slice,3,45.99,137.97
10001530,01-06-2025,CUST010,Cooling,Pedestal Fan With Remote,1,49.99,49.99
10001531,02-06-2025,CUST001,Lighting,LED Tube Light 4ft,7,19.99,139.93
10001532,02-06-2025,CUST002,Home Appliance,Hand Blender Set,2,34,68
10001533,03-06-2025,CUST003,Cooling,Air Cooler Standard,1,129.99,129.99
10001534,03-06-2025,CUST004,Lighting,Desk Lamp Adjustable,5,18.5,92.5
10001535,04-06-2025,CUST005,Home Appliance,Coffee Maker 12 Cup,3,55.99,167.97
10001536,04-06-2025,CUST006,Cooling,Small Personal Fan,15,14.99,224.85
10001537,05-06-2025,CUST007,Lighting,Flood Light Outdoor,2,39.95,79.9
10001538,05-06-2025,CUST008,Home Appliance,Iron Steam Press,1,22,22
10001539,06-06-2025,CUST009,Cooling,Tower Fan Oscillating,2,79.99,159.98
10001540,06-06-2025,CUST010,Lighting,Edison Style Bulb,35,6.5,227.5
10001541,07-06-2025,CUST001,Lighting,LED Bulb 9W,12,4.99,59.88
10001542,07-06-2025,CUST002,Cooling,Ceiling Fan Standard,1,59.99,59.99
10001543,08-06-2025,CUST003,Home Appliance,Microwave Oven 20L,2,89.5,179
10001544,08-06-2025,CUST004,Lighting,Smart Bulb RGB,7,12.5,87.5
10001545,09-06-2025,CUST005,Cooling,Table Fan Portable,4,24.99,99.96
10001546,09-06-2025,CUST006,Home Appliance,Electric Kettle,1,29.99,29.99
10001547,10-06-2025,CUST007,Lighting,Halogen Bulb 50W,25,2.75,68.75
10001548,10-06-2025,CUST008,Cooling,Exhaust Fan Small,1,35,35
10001549,11-06-2025,CUST009,Home Appliance,Toaster 2-Slice,2,45.99,91.98
10001550,11-06-2025,CUST010,Cooling,Pedestal Fan With Remote,3,49.99,149.97
10001551,12-06-2025,CUST001,Lighting,LED Tube Light 4ft,6,19.99,119.94
10001552,12-06-2025,CUST002,Home Appliance,Hand Blender Set,1,34,34
10001553,13-06-2025,CUST003,Cooling,Air Cooler Standard,1,129.99,129.99
10001554,13-06-2025,CUST004,Lighting,Desk Lamp Adjustable,10,18.5,185
10001555,14-06-2025,CUST005,Home Appliance,Coffee Maker 12 Cup,2,55.99,111.98
10001556,14-06-2025,CUST006,Cooling,Small Personal Fan,8,14.99,119.92
10001557,15-06-2025,CUST007,Lighting,Flood Light Outdoor,3,39.95,119.85
10001558,15-06-2025,CUST008,Home Appliance,Iron Steam Press,1,22,22
10001559,16-06-2025,CUST009,Cooling,Tower Fan Oscillating,1,79.99,79.99
10001560,16-06-2025,CUST010,Lighting,Edison Style Bulb,30,6.5,195
10001561,17-06-2025,CUST001,Lighting,LED Bulb 9W,18,4.99,89.82
10001562,17-06-2025,CUST002,Cooling,Ceiling Fan Standard,2,59.99,119.98
10001563,18-06-2025,CUST003,Home Appliance,Microwave Oven 20L,1,89.5,89.5
10001564,18-06-2025,CUST004,Lighting,Smart Bulb RGB,9,12.5,112.5
10001565,19-06-2025,CUST005,Cooling,Table Fan Portable,3,24.99,74.97
10001566,19-06-2025,CUST006,Home Appliance,Electric Kettle,2,29.99,59.98
10001567,20-06-2025,CUST007,Lighting,Halogen Bulb 50W,35,2.75,96.25
10001568,20-06-2025,CUST008,Cooling,Exhaust Fan Small,1,35,35
10001569,21-06-2025,CUST009,Home Appliance,Toaster 2-Slice,1,45.99,45.99
10001570,21-06-2025,CUST010,Cooling,Pedestal Fan With Remote,2,49.99,99.98
10001571,22-06-2025,CUST001,Lighting,LED Tube Light 4ft,8,19.99,159.92
10001572,22-06-2025,CUST002,Home Appliance,Hand Blender Set,3,34,102
10001573,23-06-2025,CUST003,Cooling,Air Cooler Standard,1,129.99,129.99
10001574,23-06-2025,CUST004,Lighting,Desk Lamp Adjustable,6,18.5,111
10001575,24-06-2025,CUST005,Home Appliance,Coffee Maker 12 Cup,2,55.99,111.98
10001576,24-06-2025,CUST006,Cooling,Small Personal Fan,12,14.99,179.88
10001577,25-06-2025,CUST007,Lighting,Flood Light Outdoor,1,39.95,39.95
10001578,25-06-2025,CUST008,Home Appliance,Iron Steam Press,3,22,66
10001579,26-06-2025,CUST009,Cooling,Tower Fan Oscillating,1,79.99,79.99
10001580,26-06-2025,CUST010,Lighting,Edison Style Bulb,28,6.5,182
10001581,27-06-2025,CUST001,Lighting,LED Bulb 9W,10,4.99,49.9
10001582,27-06-2025,CUST002,Cooling,Ceiling Fan Standard,1,59.99,59.99
10001583,28-06-2025,CUST003,Home Appliance,Microwave Oven 20L,2,89.5,179
10001584,28-06-2025,CUST004,Lighting,Smart Bulb RGB,5,12.5,62.5
10001585,29-06-2025,CUST005,Cooling,Table Fan Portable,1,24.99,24.99
10001586,29-06-2025,CUST006,Home Appliance,Electric Kettle,3,29.99,89.97
10001587,30-06-2025,CUST007,Lighting,Halogen Bulb 50W,50,2.75,137.5
10001588,30-06-2025,CUST008,Cooling,Exhaust Fan Small,2,35,70
10001589,01-07-2025,CUST009,Home Appliance,Toaster 2-Slice,1,45.99,45.99
10001590,01-07-2025,CUST010,Cooling,Pedestal Fan With Remote,2,49.99,99.98
10001591,02-07-2025,CUST001,Lighting,LED Tube Light 4ft,10,19.99,199.9
10001592,02-07-2025,CUST002,Home Appliance,Hand Blender Set,1,34,34
10001593,03-07-2025,CUST003,Cooling,Air Cooler Standard,2,129.99,259.98
10001594,03-07-2025,CUST004,Lighting,Desk Lamp Adjustable,8,18.5,148
10001595,04-07-2025,CUST005,Home Appliance,Coffee Maker 12 Cup,1,55.99,55.99
10001596,04-07-2025,CUST006,Cooling,Small Personal Fan,20,14.99,299.8
10001597,05-07-2025,CUST007,Lighting,Flood Light Outdoor,1,39.95,39.95
10001598,05-07-2025,CUST008,Home Appliance,Iron Steam Press,2,22,44
10001599,06-07-2025,CUST009,Cooling,Tower Fan Oscillating,3,79.99,239.97
10001600,06-07-2025,CUST010,Lighting,Edison Style Bulb,40,6.5,260
10001601,07-07-2025,CUST001,Lighting,LED Bulb 9W,8,4.99,39.92
10001602,07-07-2025,CUST002,Cooling,Ceiling Fan Standard,3,59.99,179.97
10001603,08-07-2025,CUST003,Home Appliance,Microwave Oven 20L,1,89.5,89.5
10001604,08-07-2025,CUST004,Lighting,Smart Bulb RGB,12,12.5,150
10001605,09-07-2025,CUST005,Cooling,Table Fan Portable,2,24.99,49.98
10001606,09-07-2025,CUST006,Home Appliance,Electric Kettle,1,29.99,29.99
10001607,10-07-2025,CUST007,Lighting,Halogen Bulb 50W,30,2.75,82.5
10001608,10-07-2025,CUST008,Cooling,Exhaust Fan Small,1,35,35
10001609,11-07-2025,CUST009,Home Appliance,Toaster 2-Slice,3,45.99,137.97
10001610,11-07-2025,CUST010,Cooling,Pedestal Fan With Remote,1,49.99,49.99
10001611,12-07-2025,CUST001,Lighting,LED Tube Light 4ft,7,19.99,139.93
10001612,12-07-2025,CUST002,Home Appliance,Hand Blender Set,2,34,68
10001613,13-07-2025,CUST003,Cooling,Air Cooler Standard,1,129.99,129.99
10001614,13-07-2025,CUST004,Lighting,Desk Lamp Adjustable,5,18.5,92.5
10001615,14-07-2025,CUST005,Home Appliance,Coffee Maker 12 Cup,3,55.99,167.97
10001616,14-07-2025,CUST006,Cooling,Small Personal Fan,15,14.99,224.85
10001617,15-07-2025,CUST007,Lighting,Flood Light Outdoor,2,39.95,79.9
10001618,15-07-2025,CUST008,Home Appliance,Iron Steam Press,1,22,22
10001619,16-07-2025,CUST009,Cooling,Tower Fan Oscillating,2,79.99,159.98
10001620,16-07-2025,CUST010,Lighting,Edison Style Bulb,35,6.5,227.5
10001621,17-07-2025,CUST001,Lighting,LED Bulb 9W,12,4.99,59.88
10001622,17-07-2025,CUST002,Cooling,Ceiling Fan Standard,1,59.99,59.99
10001623,18-07-2025,CUST003,Home Appliance,Microwave Oven 20L,2,89.5,179
10001624,18-07-2025,CUST004,Lighting,Smart Bulb RGB,7,12.5,87.5
10001625,19-07-2025,CUST005,Cooling,Table Fan Portable,4,24.99,99.96
10001626,19-07-2025,CUST006,Home Appliance,Electric Kettle,1,29.99,29.99
10001627,20-07-2025,CUST007,Lighting,Halogen Bulb 50W,25,2.75,68.75
10001628,20-07-2025,CUST008,Cooling,Exhaust Fan Small,1,35,35
10001629,21-07-2025,CUST009,Home Appliance,Toaster 2-Slice,2,45.99,91.98
10001630,21-07-2025,CUST010,Cooling,Pedestal Fan With Remote,3,49.99,149.97
10001631,22-07-2025,CUST001,Lighting,LED Tube Light 4ft,6,19.99,119.94
10001632,22-07-2025,CUST002,Home Appliance,Hand Blender Set,1,34,34
10001633,23-07-2025,CUST003,Cooling,Air Cooler Standard,1,129.99,129.99
10001634,23-07-2025,CUST004,Lighting,Desk Lamp Adjustable,10,18.5,185
10001635,24-07-2025,CUST005,Home Appliance,Coffee Maker 12 Cup,2,55.99,111.98
10001636,24-07-2025,CUST006,Cooling,Small Personal Fan,8,14.99,119.92
10001637,25-07-2025,CUST007,Lighting,Flood Light Outdoor,3,39.95,119.85
10001638,25-07-2025,CUST008,Home Appliance,Iron Steam Press,1,22,22
10001639,26-07-2025,CUST009,Cooling,Tower Fan Oscillating,1,79.99,79.99
10001640,26-07-2025,CUST010,Lighting,Edison Style Bulb,30,6.5,195
10001641,27-07-2025,CUST001,Lighting,LED Bulb 9W,18,4.99,89.82
10001642,27-07-2025,CUST002,Cooling,Ceiling Fan Standard,2,59.99,119.98
10001643,28-07-2025,CUST003,Home Appliance,Microwave Oven 20L,1,89.5,89.5
10001644,28-07-2025,CUST004,Lighting,Smart Bulb RGB,9,12.5,112.5
10001645,29-07-2025,CUST005,Cooling,Table Fan Portable,3,24.99,74.97
10001646,29-07-2025,CUST006,Home Appliance,Electric Kettle,2,29.99,59.98
10001647,30-07-2025,CUST007,Lighting,Halogen Bulb 50W,35,2.75,96.25
10001648,30-07-2025,CUST008,Cooling,Exhaust Fan Small,1,35,35
10001649,31-07-2025,CUST009,Home Appliance,Toaster 2-Slice,1,45.99,45.99
10001650,31-07-2025,CUST010,Cooling,Pedestal Fan With Remote,2,49.99,99.98
10001651,01-08-2025,CUST001,Lighting,LED Tube Light 4ft,8,19.99,159.92
10001652,01-08-2025,CUST002,Home Appliance,Hand Blender Set,3,34,102
10001653,02-08-2025,CUST003,Cooling,Air Cooler Standard,1,129.99,129.99
10001654,02-08-2025,CUST004,Lighting,Desk Lamp Adjustable,6,18.5,111
10001655,03-08-2025,CUST005,Home Appliance,Coffee Maker 12 Cup,2,55.99,111.98
10001656,03-08-2025,CUST006,Cooling,Small Personal Fan,12,14.99,179.88
10001657,04-08-2025,CUST007,Lighting,Flood Light Outdoor,1,39.95,39.95
10001658,04-08-2025,CUST008,Home Appliance,Iron Steam Press,3,22,66
10001659,05-08-2025,CUST009,Cooling,Tower Fan Oscillating,1,79.99,79.99
10001660,05-08-2025,CUST010,Lighting,Edison Style Bulb,28,6.5,182
10001661,06-08-2025,CUST001,Lighting,LED Bulb 9W,10,4.99,49.9
10001662,06-08-2025,CUST002,Cooling,Ceiling Fan Standard,1,59.99,59.99
10001663,07-08-2025,CUST003,Home Appliance,Microwave Oven 20L,2,89.5,179
10001664,07-08-2025,CUST004,Lighting,Smart Bulb RGB,5,12.5,62.5
10001665,08-08-2025,CUST005,Cooling,Table Fan Portable,1,24.99,24.99
10001666,08-08-2025,CUST006,Home Appliance,Electric Kettle,3,29.99,89.97
10001667,09-08-2025,CUST007,Lighting,Halogen Bulb 50W,50,2.75,137.5
10001668,09-08-2025,CUST008,Cooling,Exhaust Fan Small,2,35,70
10001669,10-08-2025,CUST009,Home Appliance,Toaster 2-Slice,1,45.99,45.99
10001670,10-08-2025,CUST010,Cooling,Pedestal Fan With Remote,2,49.99,99.98
10001671,11-08-2025,CUST001,Lighting,LED Tube Light 4ft,10,19.99,199.9
10001672,11-08-2025,CUST002,Home Appliance,Hand Blender Set,1,34,34
10001673,12-08-2025,CUST003,Cooling,Air Cooler Standard,2,129.99,259.98
10001674,12-08-2025,CUST004,Lighting,Desk Lamp Adjustable,8,18.5,148
10001675,13-08-2025,CUST005,Home Appliance,Coffee Maker 12 Cup,1,55.99,55.99
10001676,13-08-2025,CUST006,Cooling,Small Personal Fan,20,14.99,299.8
10001677,14-08-2025,CUST007,Lighting,Flood Light Outdoor,1,39.95,39.95
10001678,14-08-2025,CUST008,Home Appliance,Iron Steam Press,2,22,44
10001679,15-08-2025,CUST009,Cooling,Tower Fan Oscillating,3,79.99,239.97
10001680,15-08-2025,CUST010,Lighting,Edison Style Bulb,40,6.5,260
10001681,16-08-2025,CUST001,Lighting,LED Bulb 9W,8,4.99,39.92
10001682,16-08-2025,CUST002,Cooling,Ceiling Fan Standard,3,59.99,179.97
10001683,17-08-2025,CUST003,Home Appliance,Microwave Oven 20L,1,89.5,89.5
10001684,17-08-2025,CUST004,Lighting,Smart Bulb RGB,12,12.5,150
10001685,18-08-2025,CUST005,Cooling,Table Fan Portable,2,24.99,49.98
10001686,18-08-2025,CUST006,Home Appliance,Electric Kettle,1,29.99,29.99
10001687,19-08-2025,CUST007,Lighting,Halogen Bulb 50W,30,2.75,82.5
10001688,19-08-2025,CUST008,Cooling,Exhaust Fan Small,1,35,35
10001689,20-08-2025,CUST009,Home Appliance,Toaster 2-Slice,3,45.99,137.97
10001690,20-08-2025,CUST010,Cooling,Pedestal Fan With Remote,1,49.99,49.99
10001691,21-08-2025,CUST001,Lighting,LED Tube Light 4ft,7,19.99,139.93
10001692,21-08-2025,CUST002,Home Appliance,Hand Blender Set,2,34,68
10001693,22-08-2025,CUST003,Cooling,Air Cooler Standard,1,129.99,129.99
10001694,22-08-2025,CUST004,Lighting,Desk Lamp Adjustable,5,18.5,92.5
10001695,23-08-2025,CUST005,Home Appliance,Coffee Maker 12 Cup,3,55.99,167.97
10001696,23-08-2025,CUST006,Cooling,Small Personal Fan,15,14.99,224.85
10001697,24-08-2025,CUST007,Lighting,Flood Light Outdoor,2,39.95,79.9
10001698,24-08-2025,CUST008,Home Appliance,Iron Steam Press,1,22,22
10001699,25-08-2025,CUST009,Cooling,Tower Fan Oscillating,2,79.99,159.98
10001700,25-08-2025,CUST010,Lighting,Edison Style Bulb,35,6.5,227.5
10001701,26-08-2025,CUST001,Lighting,LED Bulb 9W,12,4.99,59.88
10001702,26-08-2025,CUST002,Cooling,Ceiling Fan Standard,1,59.99,59.99
10001703,27-08-2025,CUST003,Home Appliance,Microwave Oven 20L,2,89.5,179
10001704,27-08-2025,CUST004,Lighting,Smart Bulb RGB,7,12.5,87.5
10001705,28-08-2025,CUST005,Cooling,Table Fan Portable,4,24.99,99.96
10001706,28-08-2025,CUST006,Home Appliance,Electric Kettle,1,29.99,29.99
10001707,29-08-2025,CUST007,Lighting,Halogen Bulb 50W,25,2.75,68.75
10001708,29-08-2025,CUST008,Cooling,Exhaust Fan Small,1,35,35
10001709,30-08-2025,CUST009,Home Appliance,Toaster 2-Slice,2,45.99,91.98
10001710,30-08-2025,CUST010,Cooling,Pedestal Fan With Remote,3,49.99,149.97
10001711,31-08-2025,CUST001,Lighting,LED Tube Light 4ft,6,19.99,119.94
10001712,31-08-2025,CUST002,Home Appliance,Hand Blender Set,1,34,34
10001713,01-09-2025,CUST003,Cooling,Air Cooler Standard,1,129.99,129.99
10001714,01-09-2025,CUST004,Lighting,Desk Lamp Adjustable,10,18.5,185
10001715,02-09-2025,CUST005,Home Appliance,Coffee Maker 12 Cup,2,55.99,111.98
10001716,02-09-2025,CUST006,Cooling,Small Personal Fan,8,14.99,119.92
10001717,03-09-2025,CUST007,Lighting,Flood Light Outdoor,3,39.95,119.85
10001718,03-09-2025,CUST008,Home Appliance,Iron Steam Press,1,22,22
10001719,04-09-2025,CUST009,Cooling,Tower Fan Oscillating,1,79.99,79.99
10001720,04-09-2025,CUST010,Lighting,Edison Style Bulb,30,6.5,195
10001721,05-09-2025,CUST001,Lighting,LED Bulb 9W,18,4.99,89.82
10001722,05-09-2025,CUST002,Cooling,Ceiling Fan Standard,2,59.99,119.98
10001723,06-09-2025,CUST003,Home Appliance,Microwave Oven 20L,1,89.5,89.5
10001724,06-09-2025,CUST004,Lighting,Smart Bulb RGB,9,12.5,112.5
10001725,07-09-2025,CUST005,Cooling,Table Fan Portable,3,24.99,74.97
10001726,07-09-2025,CUST006,Home Appliance,Electric Kettle,2,29.99,59.98
10001727,08-09-2025,CUST007,Lighting,Halogen Bulb 50W,35,2.75,96.25
10001728,08-09-2025,CUST008,Cooling,Exhaust Fan Small,1,35,35
10001729,09-09-2025,CUST009,Home Appliance,Toaster 2-Slice,1,45.99,45.99
10001730,09-09-2025,CUST010,Cooling,Pedestal Fan With Remote,2,49.99,99.98
10001731,10-09-2025,CUST001,Lighting,LED Tube Light 4ft,8,19.99,159.92
10001732,10-09-2025,CUST002,Home Appliance,Hand Blender Set,3,34,102
10001733,11-09-2025,CUST003,Cooling,Air Cooler Standard,1,129.99,129.99
10001734,11-09-2025,CUST004,Lighting,Desk Lamp Adjustable,6,18.5,111
10001735,12-09-2025,CUST005,Home Appliance,Coffee Maker 12 Cup,2,55.99,111.98
10001736,12-09-2025,CUST006,Cooling,Small Personal Fan,12,14.99,179.88
10001737,13-09-2025,CUST007,Lighting,Flood Light Outdoor,1,39.95,39.95
10001738,13-09-2025,CUST008,Home Appliance,Iron Steam Press,3,22,66
10001739,14-09-2025,CUST009,Cooling,Tower Fan Oscillating,1,79.99,79.99
10001740,14-09-2025,CUST010,Lighting,Edison Style Bulb,28,6.5,182
10001741,15-09-2025,CUST001,Lighting,LED Bulb 9W,10,4.99,49.9
10001742,15-09-2025,CUST002,Cooling,Ceiling Fan Standard,1,59.99,59.99
10001743,16-09-2025,CUST003,Home Appliance,Microwave Oven 20L,2,89.5,179
10001744,16-09-2025,CUST004,Lighting,Smart Bulb RGB,5,12.5,62.5
10001745,17-09-2025,CUST005,Cooling,Table Fan Portable,1,24.99,24.99
10001746,17-09-2025,CUST006,Home Appliance,Electric Kettle,3,29.99,89.97
10001747,18-09-2025,CUST007,Lighting,Halogen Bulb 50W,50,2.75,137.5
10001748,18-09-2025,CUST008,Cooling,Exhaust Fan Small,2,35,70
10001749,19-09-2025,CUST009,Home Appliance,Toaster 2-Slice,1,45.99,45.99
10001750,19-09-2025,CUST010,Cooling,Pedestal Fan With Remote,2,49.99,99.98
10001751,20-09-2025,CUST001,Lighting,LED Tube Light 4ft,10,19.99,199.9
10001752,20-09-2025,CUST002,Home Appliance,Hand Blender Set,1,34,34
10001753,21-09-2025,CUST003,Cooling,Air Cooler Standard,2,129.99,259.98
10001754,21-09-2025,CUST004,Lighting,Desk Lamp Adjustable,8,18.5,148
10001755,22-09-2025,CUST005,Home Appliance,Coffee Maker 12 Cup,1,55.99,55.99
10001756,22-09-2025,CUST006,Cooling,Small Personal Fan,20,14.99,299.8
10001757,23-09-2025,CUST007,Lighting,Flood Light Outdoor,1,39.95,39.95
10001758,23-09-2025,CUST008,Home Appliance,Iron Steam Press,2,22,44
10001759,24-09-2025,CUST009,Cooling,Tower Fan Oscillating,3,79.99,239.97
10001760,24-09-2025,CUST010,Lighting,Edison Style Bulb,40,6.5,260
10001761,25-09-2025,CUST001,Lighting,LED Bulb 9W,8,4.99,39.92
10001762,25-09-2025,CUST002,Cooling,Ceiling Fan Standard,3,59.99,179.97
10001763,26-09-2025,CUST003,Home Appliance,Microwave Oven 20L,1,89.5,89.5
10001764,26-09-2025,CUST004,Lighting,Smart Bulb RGB,12,12.5,150
10001765,27-09-2025,CUST005,Cooling,Table Fan Portable,2,24.99,49.98
10001766,27-09-2025,CUST006,Home Appliance,Electric Kettle,1,29.99,29.99
10001767,28-09-2025,CUST007,Lighting,Halogen Bulb 50W,30,2.75,82.5
10001768,28-09-2025,CUST008,Cooling,Exhaust Fan Small,1,35,35
10001769,29-09-2025,CUST009,Home Appliance,Toaster 2-Slice,3,45.99,137.97
10001770,29-09-2025,CUST010,Cooling,Pedestal Fan With Remote,1,49.99,49.99
10001771,30-09-2025,CUST001,Lighting,LED Tube Light 4ft,7,19.99,139.93
10001772,30-09-2025,CUST002,Home Appliance,Hand Blender Set,2,34,68
10001773,01-10-2025,CUST003,Cooling,Air Cooler Standard,1,129.99,129.99
10001774,01-10-2025,CUST004,Lighting,Desk Lamp Adjustable,5,18.5,92.5
10001775,02-10-2025,CUST005,Home Appliance,Coffee Maker 12 Cup,3,55.99,167.97
10001776,02-10-2025,CUST006,Cooling,Small Personal Fan,15,14.99,224.85
10001777,03-10-2025,CUST007,Lighting,Flood Light Outdoor,2,39.95,79.9
10001778,03-10-2025,CUST008,Home Appliance,Iron Steam Press,1,22,22
10001779,04-10-2025,CUST009,Cooling,Tower Fan Oscillating,2,79.99,159.98
10001780,04-10-2025,CUST010,Lighting,Edison Style Bulb,35,6.5,227.5
10001781,05-10-2025,CUST001,Lighting,LED Bulb 9W,12,4.99,59.88
10001782,05-10-2025,CUST002,Cooling,Ceiling Fan Standard,1,59.99,59.99
10001783,06-10-2025,CUST003,Home Appliance,Microwave Oven 20L,2,89.5,179
10001784,06-10-2025,CUST004,Lighting,Smart Bulb RGB,7,12.5,87.5
10001785,07-10-2025,CUST005,Cooling,Table Fan Portable,4,24.99,99.96
10001786,07-10-2025,CUST006,Home Appliance,Electric Kettle,1,29.99,29.99
10001787,08-10-2025,CUST007,Lighting,Halogen Bulb 50W,25,2.75,68.75
10001788,08-10-2025,CUST008,Cooling,Exhaust Fan Small,1,35,35
10001789,09-10-2025,CUST009,Home Appliance,Toaster 2-Slice,2,45.99,91.98
10001790,09-10-2025,CUST010,Cooling,Pedestal Fan With Remote,3,49.99,149.97
10001791,10-10-2025,CUST001,Lighting,LED Tube Light 4ft,6,19.99,119.94
10001792,10-10-2025,CUST002,Home Appliance,Hand Blender Set,1,34,34
10001793,11-10-2025,CUST003,Cooling,Air Cooler Standard,1,129.99,129.99
10001794,11-10-2025,CUST004,Lighting,Desk Lamp Adjustable,10,18.5,185
10001795,12-10-2025,CUST005,Home Appliance,Coffee Maker 12 Cup,2,55.99,111.98
10001796,12-10-2025,CUST006,Cooling,Small Personal Fan,8,14.99,119.92
10001797,13-10-2025,CUST007,Lighting,Flood Light Outdoor,3,39.95,119.85
10001798,13-10-2025,CUST008,Home Appliance,Iron Steam Press,1,22,22
10001799,14-10-2025,CUST009,Cooling,Tower Fan Oscillating,1,79.99,79.99
10001800,14-10-2025,CUST010,Lighting,Edison Style Bulb,30,6.5,195
10001801,15-10-2025,CUST001,Lighting,LED Bulb 9W,18,4.99,89.82
10001802,15-10-2025,CUST002,Cooling,Ceiling Fan Standard,2,59.99,119.98
10001803,16-10-2025,CUST003,Home Appliance,Microwave Oven 20L,1,89.5,89.5
10001804,16-10-2025,CUST004,Lighting,Smart Bulb RGB,9,12.5,112.5
10001805,17-10-2025,CUST005,Cooling,Table Fan Portable,3,24.99,74.97
10001806,17-10-2025,CUST006,Home Appliance,Electric Kettle,2,29.99,59.98
10001807,18-10-2025,CUST007,Lighting,Halogen Bulb 50W,35,2.75,96.25
10001808,18-10-2025,CUST008,Cooling,Exhaust Fan Small,1,35,35
10001809,19-10-2025,CUST009,Home Appliance,Toaster 2-Slice,1,45.99,45.99
10001810,19-10-2025,CUST010,Cooling,Pedestal Fan With Remote,2,49.99,99.98
10001811,20-10-2025,CUST001,Lighting,LED Tube Light 4ft,8,19.99,159.92
10001812,20-10-2025,CUST002,Home Appliance,Hand Blender Set,3,34,102
10001813,21-10-2025,CUST003,Cooling,Air Cooler Standard,1,129.99,129.99
10001814,21-10-2025,CUST004,Lighting,Desk Lamp Adjustable,6,18.5,111
10001815,22-10-2025,CUST005,Home Appliance,Coffee Maker 12 Cup,2,55.99,111.98
10001816,22-10-2025,CUST006,Cooling,Small Personal Fan,12,14.99,179.88
10001817,23-10-2025,CUST007,Lighting,Flood Light Outdoor,1,39.95,39.95
10001818,23-10-2025,CUST008,Home Appliance,Iron Steam Press,3,22,66
10001819,24-10-2025,CUST009,Cooling,Tower Fan Oscillating,1,79.99,79.99
10001820,24-10-2025,CUST010,Lighting,Edison Style Bulb,28,6.5,182
10001821,25-10-2025,CUST001,Lighting,LED Bulb 9W,10,4.99,49.9
10001822,25-10-2025,CUST002,Cooling,Ceiling Fan Standard,1,59.99,59.99
10001823,26-10-2025,CUST003,Home Appliance,Microwave Oven 20L,2,89.5,179
10001824,26-10-2025,CUST004,Lighting,Smart Bulb RGB,5,12.5,62.5
10001825,27-10-2025,CUST005,Cooling,Table Fan Portable,1,24.99,24.99
10001826,27-10-2025,CUST006,Home Appliance,Electric Kettle,3,29.99,89.97
10001827,28-10-2025,CUST007,Lighting,Halogen Bulb 50W,50,2.75,137.5
10001828,28-10-2025,CUST008,Cooling,Exhaust Fan Small,2,35,70
10001829,29-10-2025,CUST009,Home Appliance,Toaster 2-Slice,1,45.99,45.99
10001830,29-10-2025,CUST010,Cooling,Pedestal Fan With Remote,2,49.99,99.98
10001831,30-10-2025,CUST001,Lighting,LED Tube Light 4ft,10,19.99,199.9
10001832,30-10-2025,CUST002,Home Appliance,Hand Blender Set,1,34,34
10001833,31-10-2025,CUST003,Cooling,Air Cooler Standard,2,129.99,259.98
10001834,31-10-2025,CUST004,Lighting,Desk Lamp Adjustable,8,18.5,148
10001835,01-11-2025,CUST005,Home Appliance,Coffee Maker 12 Cup,1,55.99,55.99
10001836,01-11-2025,CUST006,Cooling,Small Personal Fan,20,14.99,299.8
10001837,02-11-2025,CUST007,Lighting,Flood Light Outdoor,1,39.95,39.95
10001838,02-11-2025,CUST008,Home Appliance,Iron Steam Press,2,22,44
10001839,03-11-2025,CUST009,Cooling,Tower Fan Oscillating,3,79.99,239.97
10001840,03-11-2025,CUST010,Lighting,Edison Style Bulb,40,6.5,260
10001841,04-11-2025,CUST001,Lighting,LED Bulb 9W,8,4.99,39.92
10001842,04-11-2025,CUST002,Cooling,Ceiling Fan Standard,3,59.99,179.97
10001843,05-11-2025,CUST003,Home Appliance,Microwave Oven 20L,1,89.5,89.5
10001844,05-11-2025,CUST004,Lighting,Smart Bulb RGB,12,12.5,150
10001845,06-11-2025,CUST005,Cooling,Table Fan Portable,2,24.99,49.98
10001846,06-11-2025,CUST006,Home Appliance,Electric Kettle,1,29.99,29.99
10001847,07-11-2025,CUST007,Lighting,Halogen Bulb 50W,30,2.75,82.5
10001848,07-11-2025,CUST008,Cooling,Exhaust Fan Small,1,35,35
10001849,08-11-2025,CUST009,Home Appliance,Toaster 2-Slice,3,45.99,137.97
10001850,08-11-2025,CUST010,Cooling,Pedestal Fan With Remote,1,49.99,49.99
10001851,09-11-2025,CUST001,Lighting,LED Tube Light 4ft,7,19.99,139.93
10001852,09-11-2025,CUST002,Home Appliance,Hand Blender Set,2,34,68
10001853,10-11-2025,CUST003,Cooling,Air Cooler Standard,1,129.99,129.99
10001854,10-11-2025,CUST004,Lighting,Desk Lamp Adjustable,5,18.5,92.5
10001855,11-11-2025,CUST005,Home Appliance,Coffee Maker 12 Cup,3,55.99,167.97
10001856,11-11-2025,CUST006,Cooling,Small Personal Fan,15,14.99,224.85
10001857,12-11-2025,CUST007,Lighting,Flood Light Outdoor,2,39.95,79.9
10001858,12-11-2025,CUST008,Home Appliance,Iron Steam Press,1,22,22
10001859,13-11-2025,CUST009,Cooling,Tower Fan Oscillating,2,79.99,159.98
10001860,13-11-2025,CUST010,Lighting,Edison Style Bulb,35,6.5,227.5
10001861,14-11-2025,CUST001,Lighting,LED Bulb 9W,12,4.99,59.88
10001862,14-11-2025,CUST002,Cooling,Ceiling Fan Standard,1,59.99,59.99
10001863,15-11-2025,CUST003,Home Appliance,Microwave Oven 20L,2,89.5,179
10001864,15-11-2025,CUST004,Lighting,Smart Bulb RGB,7,12.5,87.5
10001865,16-11-2025,CUST005,Cooling,Table Fan Portable,4,24.99,99.96
10001866,16-11-2025,CUST006,Home Appliance,Electric Kettle,1,29.99,29.99
10001867,17-11-2025,CUST007,Lighting,Halogen Bulb 50W,25,2.75,68.75
10001868,17-11-2025,CUST008,Cooling,Exhaust Fan Small,1,35,35
10001869,18-11-2025,CUST009,Home Appliance,Toaster 2-Slice,2,45.99,91.98
10001870,18-11-2025,CUST010,Cooling,Pedestal Fan With Remote,3,49.99,149.97
10001871,19-11-2025,CUST001,Lighting,LED Tube Light 4ft,6,19.99,119.94
10001872,19-11-2025,CUST002,Home Appliance,Hand Blender Set,1,34,34
10001873,20-11-2025,CUST003,Cooling,Air Cooler Standard,1,129.99,129.99
10001874,20-11-2025,CUST004,Lighting,Desk Lamp Adjustable,10,18.5,185
10001875,21-11-2025,CUST005,Home Appliance,Coffee Maker 12 Cup,2,55.99,111.98
10001876,21-11-2025,CUST006,Cooling,Small Personal Fan,8,14.99,119.92
10001877,22-11-2025,CUST007,Lighting,Flood Light Outdoor,3,39.95,119.85
10001878,22-11-2025,CUST008,Home Appliance,Iron Steam Press,1,22,22
10001879,23-11-2025,CUST009,Cooling,Tower Fan Oscillating,1,79.99,79.99
10001880,23-11-2025,CUST010,Lighting,Edison Style Bulb,30,6.5,195
10001881,24-11-2025,CUST001,Lighting,LED Bulb 9W,18,4.99,89.82
10001882,24-11-2025,CUST002,Cooling,Ceiling Fan Standard,2,59.99,119.98
10001883,25-11-2025,CUST003,Home Appliance,Microwave Oven 20L,1,89.5,89.5
10001884,25-11-2025,CUST004,Lighting,Smart Bulb RGB,9,12.5,112.5
10001885,26-11-2025,CUST005,Cooling,Table Fan Portable,3,24.99,74.97
10001886,26-11-2025,CUST006,Home Appliance,Electric Kettle,2,29.99,59.98
10001887,27-11-2025,CUST007,Lighting,Halogen Bulb 50W,35,2.75,96.25
10001888,27-11-2025,CUST008,Cooling,Exhaust Fan Small,1,35,35
10001889,28-11-2025,CUST009,Home Appliance,Toaster 2-Slice,1,45.99,45.99
10001890,28-11-2025,CUST010,Cooling,Pedestal Fan With Remote,2,49.99,99.98
10001891,29-11-2025,CUST001,Lighting,LED Tube Light 4ft,8,19.99,159.92
10001892,29-11-2025,CUST002,Home Appliance,Hand Blender Set,3,34,102
10001893,30-11-2025,CUST003,Cooling,Air Cooler Standard,1,129.99,129.99
10001894,30-11-2025,CUST004,Lighting,Desk Lamp Adjustable,6,18.5,111
10001895,01-12-2025,CUST005,Home Appliance,Coffee Maker 12 Cup,2,55.99,111.98
10001896,01-12-2025,CUST006,Cooling,Small Personal Fan,12,14.99,179.88
10001897,02-12-2025,CUST007,Lighting,Flood Light Outdoor,1,39.95,39.95
10001898,02-12-2025,CUST008,Home Appliance,Iron Steam Press,3,22,66
10001899,03-12-2025,CUST009,Cooling,Tower Fan Oscillating,1,79.99,79.99
10001900,03-12-2025,CUST010,Lighting,Edison Style Bulb,28,6.5,182
10001901,04-12-2025,CUST001,Lighting,LED Bulb 9W,10,4.99,49.9
10001902,04-12-2025,CUST002,Cooling,Ceiling Fan Standard,1,59.99,59.99
10001903,05-12-2025,CUST003,Home Appliance,Microwave Oven 20L,2,89.5,179
10001904,05-12-2025,CUST004,Lighting,Smart Bulb RGB,5,12.5,62.5
10001905,06-12-2025,CUST005,Cooling,Table Fan Portable,1,24.99,24.99
10001906,06-12-2025,CUST006,Home Appliance,Electric Kettle,3,29.99,89.97
10001907,07-12-2025,CUST007,Lighting,Halogen Bulb 50W,50,2.75,137.5
10001908,07-12-2025,CUST008,Cooling,Exhaust Fan Small,2,35,70
10001909,08-12-2025,CUST009,Home Appliance,Toaster 2-Slice,1,45.99,45.99
10001910,08-12-2025,CUST010,Cooling,Pedestal Fan With Remote,2,49.99,99.98
10001911,09-12-2025,CUST001,Lighting,LED Tube Light 4ft,10,19.99,199.9
10001912,09-12-2025,CUST002,Home Appliance,Hand Blender Set,1,34,34
10001913,10-12-2025,CUST003,Cooling,Air Cooler Standard,2,129.99,259.98
10001914,10-12-2025,CUST004,Lighting,Desk Lamp Adjustable,8,18.5,148
10001915,11-12-2025,CUST005,Home Appliance,Coffee Maker 12 Cup,1,55.99,55.99
10001916,11-12-2025,CUST006,Cooling,Small Personal Fan,20,14.99,299.8
10001917,12-12-2025,CUST007,Lighting,Flood Light Outdoor,1,39.95,39.95
10001918,12-12-2025,CUST008,Home Appliance,Iron Steam Press,2,22,44
10001919,13-12-2025,CUST009,Cooling,Tower Fan Oscillating,3,79.99,239.97
10001920,13-12-2025,CUST010,Lighting,Edison Style Bulb,40,6.5,260
10001921,14-12-2025,CUST001,Lighting,LED Bulb 9W,8,4.99,39.92
10001922,14-12-2025,CUST002,Cooling,Ceiling Fan Standard,3,59.99,179.97
10001923,15-12-2025,CUST003,Home Appliance,Microwave Oven 20L,1,89.5,89.5
10001924,15-12-2025,CUST004,Lighting,Smart Bulb RGB,12,12.5,150
10001925,16-12-2025,CUST005,Cooling,Table Fan Portable,2,24.99,49.98
10001926,16-12-2025,CUST006,Home Appliance,Electric Kettle,1,29.99,29.99
10001927,17-12-2025,CUST007,Lighting,Halogen Bulb 50W,30,2.75,82.5
10001928,17-12-2025,CUST008,Cooling,Exhaust Fan Small,1,35,35
10001929,18-12-2025,CUST009,Home Appliance,Toaster 2-Slice,3,45.99,137.97
10001930,18-12-2025,CUST010,Cooling,Pedestal Fan With Remote,1,49.99,49.99
10001931,19-12-2025,CUST001,Lighting,LED Tube Light 4ft,7,19.99,139.93
10001932,19-12-2025,CUST002,Home Appliance,Hand Blender Set,2,34,68
10001933,20-12-2025,CUST003,Cooling,Air Cooler Standard,1,129.99,129.99
10001934,20-12-2025,CUST004,Lighting,Desk Lamp Adjustable,5,18.5,92.5
10001935,21-12-2025,CUST005,Home Appliance,Coffee Maker 12 Cup,3,55.99,167.97
10001936,21-12-2025,CUST006,Cooling,Small Personal Fan,15,14.99,224.85
10001937,22-12-2025,CUST007,Lighting,Flood Light Outdoor,2,39.95,79.9
10001938,22-12-2025,CUST008,Home Appliance,Iron Steam Press,1,22,22
10001939,23-12-2025,CUST009,Cooling,Tower Fan Oscillating,2,79.99,159.98
10001940,23-12-2025,CUST010,Lighting,Edison Style Bulb,35,6.5,227.5
10001941,24-12-2025,CUST001,Lighting,LED Bulb 9W,12,4.99,59.88
10001942,24-12-2025,CUST002,Cooling,Ceiling Fan Standard,1,59.99,59.99
10001943,25-12-2025,CUST003,Home Appliance,Microwave Oven 20L,2,89.5,179
10001944,25-12-2025,CUST004,Lighting,Smart Bulb RGB,7,12.5,87.5
10001945,26-12-2025,CUST005,Cooling,Table Fan Portable,4,24.99,99.96
10001946,26-12-2025,CUST006,Home Appliance,Electric Kettle,1,29.99,29.99
10001947,27-12-2025,CUST007,Lighting,Halogen Bulb 50W,25,2.75,68.75
10001948,27-12-2025,CUST008,Cooling,Exhaust Fan Small,1,35,35
10001949,28-12-2025,CUST009,Home Appliance,Toaster 2-Slice,2,45.99,91.98
10001950,28-12-2025,CUST010,Cooling,Pedestal Fan With Remote,3,49.99,149.97
10001951,29-12-2025,CUST001,Lighting,LED Tube Light 4ft,6,19.99,119.94
10001952,29-12-2025,CUST002,Home Appliance,Hand Blender Set,1,34,34
10001953,30-12-2025,CUST003,Cooling,Air Cooler Standard,1,129.99,129.99
10001954,30-12-2025,CUST004,Lighting,Desk Lamp Adjustable,10,18.5,185
10001955,31-12-2025,CUST005,Home Appliance,Coffee Maker 12 Cup,2,55.99,111.98
10001956,31-12-2025,CUST006,Cooling,Small Personal Fan,8,14.99,119.92
10001957,01-01-2026,CUST007,Lighting,Flood Light Outdoor,3,39.95,119.85
10001958,01-01-2026,CUST008,Home Appliance,Iron Steam Press,1,22,22
10001959,02-01-2026,CUST009,Cooling,Tower Fan Oscillating,1,79.99,79.99
10001960,02-01-2026,CUST010,Lighting,Edison Style Bulb,30,6.5,195
10001961,03-01-2026,CUST001,Lighting,LED Bulb 9W,18,4.99,89.82
10001962,03-01-2026,CUST002,Cooling,Ceiling Fan Standard,2,59.99,119.98
10001963,04-01-2026,CUST003,Home Appliance,Microwave Oven 20L,1,89.5,89.5
10001964,04-01-2026,CUST004,Lighting,Smart Bulb RGB,9,12.5,112.5
10001965,05-01-2026,CUST005,Cooling,Table Fan Portable,3,24.99,74.97
10001966,05-01-2026,CUST006,Home Appliance,Electric Kettle,2,29.99,59.98
10001967,06-01-2026,CUST007,Lighting,Halogen Bulb 50W,35,2.75,96.25
10001968,06-01-2026,CUST008,Cooling,Exhaust Fan Small,1,35,35
10001969,07-01-2026,CUST009,Home Appliance,Toaster 2-Slice,1,45.99,45.99
10001970,07-01-2026,CUST010,Cooling,Pedestal Fan With Remote,2,49.99,99.98
10001971,08-01-2026,CUST001,Lighting,LED Tube Light 4ft,8,19.99,159.92
10001972,08-01-2026,CUST002,Home Appliance,Hand Blender Set,3,34,102
10001973,09-01-2026,CUST003,Cooling,Air Cooler Standard,1,129.99,129.99
10001974,09-01-2026,CUST004,Lighting,Desk Lamp Adjustable,6,18.5,111
10001975,10-01-2026,CUST005,Home Appliance,Coffee Maker 12 Cup,2,55.99,111.98
10001976,10-01-2026,CUST006,Cooling,Small Personal Fan,12,14.99,179.88
10001977,11-01-2026,CUST007,Lighting,Flood Light Outdoor,1,39.95,39.95
10001978,11-01-2026,CUST008,Home Appliance,Iron Steam Press,3,22,66
10001979,12-01-2026,CUST009,Cooling,Tower Fan Oscillating,1,79.99,79.99
10001980,12-01-2026,CUST010,Lighting,Edison Style Bulb,28,6.5,182
10001981,13-01-2026,CUST001,Lighting,LED Bulb 9W,10,4.99,49.9
10001982,13-01-2026,CUST002,Cooling,Ceiling Fan Standard,1,59.99,59.99
10001983,14-01-2026,CUST003,Home Appliance,Microwave Oven 20L,2,89.5,179
10001984,14-01-2026,CUST004,Lighting,Smart Bulb RGB,5,12.5,62.5
10001985,15-01-2026,CUST005,Cooling,Table Fan Portable,1,24.99,24.99
10001986,15-01-2026,CUST006,Home Appliance,Electric Kettle,3,29.99,89.97
10001987,16-01-2026,CUST007,Lighting,Halogen Bulb 50W,50,2.75,137.5
10001988,16-01-2026,CUST008,Cooling,Exhaust Fan Small,2,35,70
10001989,17-01-2026,CUST009,Home Appliance,Toaster 2-Slice,1,45.99,45.99
10001990,17-01-2026,CUST010,Cooling,Pedestal Fan With Remote,2,49.99,99.98
10001991,18-01-2026,CUST001,Lighting,LED Tube Light 4ft,10,19.99,199.9
10001992,18-01-2026,CUST002,Home Appliance,Hand Blender Set,1,34,34
10001993,19-01-2026,CUST003,Cooling,Air Cooler Standard,2,129.99,259.98
10001994,19-01-2026,CUST004,Lighting,Desk Lamp Adjustable,8,18.5,148
10001995,20-01-2026,CUST005,Home Appliance,Coffee Maker 12 Cup,1,55.99,55.99
10001996,20-01-2026,CUST006,Cooling,Small Personal Fan,20,14.99,299.8
10001997,21-01-2026,CUST007,Lighting,Flood Light Outdoor,1,39.95,39.95
10001998,21-01-2026,CUST008,Home Appliance,Iron Steam Press,2,22,44
10001999,22-01-2026,CUST009,Cooling,Tower Fan Oscillating,3,79.99,239.97
10002000,22-01-2026,CUST010,Lighting,Edison Style Bulb,40,6.5,260
